time,vxt_p0,vyt_p0,vzt_p0,vxt_p1,vyt_p1,vzt_p1,vxt_p2,vyt_p2,vzt_p2,vxt_p3,vyt_p3,vzt_p3,vxt_p4,vyt_p4,vzt_p4,vxt_p5,vyt_p5,vzt_p5
0.0,-10.150451895788768,0.4303186383899445,0.7306759438781154,-9.43476156433004,-1.1581339558054544,-0.8759137883751409,-11.83256887471984,2.263207722948993,-0.21871328128111794,-9.484165469585367,-2.070389655992458,-1.3247526227127624,-9.770953234831804,0.43024283898830223,0.31015566297335795,-10.493374741855702,1.4987063793592905,0.13071952115953744
0.5,-10.475959201900276,1.6480697988845203,-0.32382920830731904,-10.167472970631614,0.7350365131569179,-1.5069763779657765,-12.190912574116663,2.015695067851258,-0.07851831804789722,-10.061057987500533,-1.8835385161932932,-0.8182853343129362,-8.27356043788479,0.9998648650680512,0.9956086730878108,-11.658179302897281,1.2306139506597102,0.3007166518983462
1.0,-9.983334592483946,-0.9775241972698375,-0.28860206970673385,-10.759019925076586,1.3734563267357172,-2.0340964768309986,-11.971996939042047,-0.0746499033967481,0.6392790144365044,-10.166725514982776,-2.2336325840505484,-1.6436244455786047,-8.503804372120769,1.5894596365251394,0.23347551254869972,-12.863210930622309,1.0331653777194303,0.8783480206192705
1.5,-10.047176740762009,-0.593076799940564,-0.22329140201780903,-13.313311975877017,1.1520472731912499,-0.11127610556131001,-10.030070041212497,0.7821735685440374,0.6629216323926335,-10.86170886142422,-1.4093422065692651,-1.0744992137789366,-9.786592785533276,1.9880124701377435,0.8436777588781844,-12.90487832421693,0.8906876853929627,0.043011434015287314
2.0,-10.89058376133563,-0.8201701311536778,0.010429158146495476,-13.234037370613896,0.9182473001311962,0.9062781367134685,-12.169473034550965,0.5721454546870777,1.156635155028439,-11.615199004329433,-0.7866230245690103,-0.554860947410889,-10.128994465523368,2.45608255835877,1.1289894149564836,-12.915149667030079,0.8414009005543084,0.5487143617190898
2.5,-10.768632517806829,-2.0184762883475793,0.06055275124058018,-12.806864416073825,1.353074428169858,0.9239057092835746,-11.98763118279279,1.3615869416664024,0.2899777388411754,-12.098547881834994,-1.0380699781514657,-0.5222822548941128,-9.77780184359546,1.5708915268995132,1.2250457034590776,-11.936800922201146,1.4446705470547259,0.08010141123095071
3.0,-11.461551459345841,-0.7973463150324095,-0.6730224919889343,-12.540313518381407,-0.4820027672282737,0.5787893855607698,-11.987563376590362,1.1748448572812151,-0.44538467220670314,-11.283181900039388,0.2662757989533594,-1.5125501189813115,-10.646306449705214,0.15388597276673466,1.5896792046635977,-11.392212335606468,0.7574053720589841,-0.18977318690769757
3.5,-12.156620346218473,-0.11190687847769244,-1.0867024176122877,-13.452873373143614,-0.1738691005772175,-0.22633201161649258,-13.16375073396889,0.941859423084134,0.3227528951488089,-11.05419252130926,-0.1481678669021551,-2.3442430631011746,-10.521977631524418,-0.02704020207304703,1.8475792987418331,-11.464341065531706,0.06828332984762342,-1.2300829073359456
4.0,-10.198733110807712,0.7805606171354473,-0.23856505312565185,-13.040269533396133,-0.016477482283025036,1.4779672023529693,-13.949334995714192,1.335555561206883,1.0762835731979685,-10.215366215293095,-0.26515859654465235,-1.1650479548860144,-10.486677900925242,0.12715901858713252,2.76732799943377,-11.247913155378278,-0.2638333790538732,-0.45074366470643173
4.5,-10.349619472667852,-0.5620937189802371,-0.1101217266689725,-12.762831228913132,-0.3358320461523032,1.6881765029924913,-14.66182250267525,-0.03027620197964465,0.9699375591686951,-10.247534509065286,0.8622240542116163,-1.1450209037652352,-11.513343937466967,-0.6203858107701469,2.080926594788432,-11.223204312081988,-0.4810325597964938,-0.3495918210663451
5.0,-10.463052254828566,-2.6753830604945823,-0.542821682145609,-12.12176684812609,1.3338262519916555,1.2438722434972669,-13.178712377660936,0.24672965095204757,0.1987510453663973,-10.664264347896648,0.597677388648877,-0.515656638958525,-11.4384835848503,-0.27235407824156,0.605636371820275,-10.859328011978887,-0.9578289856198373,-0.7340788143306018
5.5,-9.996563349262829,-2.076684133156556,0.779691470186337,-12.58853076275559,1.1749759147579515,0.051952080762375896,-12.494053284303442,0.6102435369836563,0.4754772765974351,-11.002628015588456,0.1080090380506098,-0.14898531669093226,-12.21637624917123,0.34833269172009573,-0.4713838967715954,-11.134589660237605,-1.283679090503873,-0.21095294093971217
6.0,-8.67203059108995,0.6499955471642784,0.04186311403842585,-11.16868419500611,0.10937841127047433,1.0158567111208545,-13.31143637886627,0.7412873628815508,-1.0583924125227826,-10.639727385162862,0.20974876824602062,-1.0815872982385064,-12.52132153919013,-0.002551170091297017,-1.1631056359825969,-11.126935429948668,-1.675363071838769,-0.12949949164927532
6.5,-8.582432880431123,0.7420667777678579,0.35539994821788845,-11.769751351036772,0.15548139020693408,0.6312961907085106,-13.261739975347144,0.6569472253931983,-1.4550910469648073,-10.511641235618704,0.715363379372072,-0.43261852871961565,-13.06545356511499,-1.2001036004508168,-0.9849934150799075,-10.205811360943347,-1.2564875491063145,-0.5885357023403374
7.0,-8.902963995561032,0.555380478771073,-0.5519860742380943,-10.208639403571889,-0.2520288098038427,0.2951101528059361,-14.227585974372902,-0.314522302969266,-0.025959823970471252,-12.81564689347831,-0.1004244134581429,0.2506141983335296,-11.494515529439665,-1.4986097911284149,-0.9508938209239322,-10.901145178536826,-1.6289487613045863,0.29843365364813534
7.5,-8.412959511396135,0.41634902556740805,1.1303463525956647,-8.424937469943343,0.9127626442574848,0.4063589881178532,-14.112104652937074,0.1264982939246111,0.8377705095163387,-12.809606030985194,-0.6223118712215155,0.29044890233344833,-11.45953246048424,-1.9868947178267176,-0.717270156605247,-11.01136996444847,-0.2427992466860032,-0.13535536571645823
8.0,-7.69539916118798,0.9318773691018001,0.43164060563489054,-9.128325693755558,1.5681468347814076,0.12034942040784857,-13.519798247056903,0.25441701448300347,0.19827490484009969,-12.472462630347081,-0.4797241030593481,0.02482751475801082,-11.631374162083961,-2.1518349242591603,-1.7518939376746447,-11.480177891942557,-0.110229950799676,-0.40406508309008143
8.5,-6.3775605070950006,2.2303530825216766,-0.8805522174898112,-8.98798358344436,1.164893146134572,1.0769924368695016,-13.08351392561174,0.4469912053573227,-0.9693791016984458,-11.051322305098857,-0.796547205503264,-0.34011063111081513,-11.16498109711199,-2.1241810802412817,-0.689618032436929,-9.960658824586066,-1.5732415031826312,0.0701296758399198
9.0,-6.530245796839849,2.636931128919284,-1.4307939219183992,-8.875519628515502,-0.9947132538192422,1.4089403607382402,-12.390800533830125,1.1589198237889269,-0.7323114359516786,-11.100438521205088,0.23431703954681615,0.29441965183685115,-11.565003209740322,-2.688357926130891,-0.5046233416153786,-11.069470966555658,-1.796751523621757,-0.9777020455979721
9.5,-6.509976880590625,2.840305680216649,-1.0511744970786396,-7.175177009759033,-0.9032146542280015,1.0669081885195493,-12.533483252958105,1.6220627691631548,-0.8371124578937263,-11.216460233498134,-0.3849489378655366,0.9640183946773135,-12.22946185379042,-2.0791263786952467,-0.9764336657672644,-11.430489258553967,-0.5193193038750722,-0.12372490083270193
10.0,-5.857723313583748,2.0096647589657444,-0.46972428556166956,-7.595759663064161,-2.4258097532275986,0.7613172495237948,-11.23150268864418,1.36048734031471,-0.7188098031816013,-12.457954582641639,0.5819864650364108,1.1872181982123786,-12.76783511134618,-1.1929123244260955,-1.1150974953739592,-11.312523042473305,1.4067055102022055,-0.2878284101402236
10.5,-6.91124211610838,1.8652840427352442,-1.1888576885897484,-7.661905512243523,-3.125041698901126,1.2344603973549153,-12.068199489765272,1.2416712944815735,-0.5987335898600441,-10.7787354078465,-0.4154013203744768,1.1001487813397288,-12.31873342210872,-1.0600328978145979,-1.4992554686637067,-10.092094674407326,1.4509028954834124,-0.8220042949362414
11.0,-7.2819725253722885,1.3627983524583565,-1.0448374803257496,-7.0730084098709405,-3.8748551085837843,0.7506853124728425,-10.675577270343636,0.3802278796255124,0.331982373455989,-10.608435544508888,-0.6839432984422231,-0.16874610973987253,-11.468715626229727,-1.6942067048968692,-0.7901470343402642,-10.996808138344418,0.8962683675582466,-0.799589872693997
11.5,-7.522407667879694,0.6019758669889349,-0.12952091951324574,-6.788036135801346,-3.471611131623116,0.3546083411396352,-10.896696159749247,-1.3171787764198948,0.5412951010064567,-10.94678023456538,0.38220325923128495,-0.9770962241182922,-11.315090559530033,-2.094181322171264,-0.7451887383035101,-12.632896282648003,-0.050923283344719295,-0.42759947200591575
12.0,-6.310857250497294,1.3139767608520683,0.1527418369963821,-7.159720381638184,-3.5021619738417096,0.04065778715258728,-10.285633623264951,-1.619095781919687,0.253433300977817,-10.483989781003006,0.05631012451174078,-0.015133576973538787,-10.878074713525127,-1.7306231265550327,-0.6542916671757997,-12.170619095597608,-0.0194016679622242,-0.6715149619033078
12.5,-6.949319813450763,1.539431429924547,0.018688478897681177,-7.892085201761641,-3.9533888672430835,0.3575677118992745,-9.81963151915624,-1.5782991627769674,-0.2471390733261356,-10.014008321257068,-0.7256254938554043,-0.2233337481091986,-11.596980920728129,-0.9228655798589178,-1.254079600801648,-13.32668161089288,-0.22975713206616627,-2.193063022184253
13.0,-6.228226726997084,1.7236351512375003,-0.6512081673999663,-8.70385951727495,-3.266708995927895,0.0523383463170174,-9.519836802541818,-1.810800630565913,-0.33778204716200333,-8.713450724657179,-0.36406511700167576,-1.1849918386347356,-11.928600734663009,-0.7831812673902032,-0.3104747227123855,-13.28909422860048,-0.2426136277680987,-1.9000454879927793
13.5,-6.3381207135580535,0.3713757362925185,-0.6248909783832238,-8.215464511527026,-0.7153586288123037,0.18475529737234286,-9.075238543164863,-1.5507605427244848,0.5570507327794316,-8.086792161614653,-1.0495463702313557,-1.621103767979461,-11.01782785878341,-0.6266778023018262,-0.11721631497571279,-12.745811276399326,-1.5408657885677544,-2.2405395665403827
14.0,-7.469365274498512,0.7310422113612489,-1.4231704562803107,-8.232097672181382,-0.6004653820784823,0.45201740758056225,-7.917301587815964,-2.32217280433471,-0.732294683371142,-7.6371275324452155,-1.0842997485125307,-1.6295327026048638,-10.796655440404912,-0.9998006200170702,0.08705471522934191,-13.000525900995182,-1.1162780794062848,-1.683544603066978
14.5,-6.62294733271194,-1.187635546376752,-1.1199049969439034,-8.78748811686684,-1.7809898595414926,0.10279418935216184,-7.0419672092185985,-2.326923939966367,0.22011343793234095,-7.39444624392123,-1.4846027746456305,-0.9065305505888857,-10.96358858062755,-0.38708991001272264,0.6780809610440119,-12.68239334869937,-1.6583447283221469,-0.4025277754776016
15.0,-5.434472610073899,-2.7511550109985246,0.17449668967241716,-9.024144371336366,-2.3596267810477602,0.10132230200559786,-6.945646560852437,-1.5777176732281601,-0.6037688413954805,-7.783234508579902,-0.6653506935808,-0.15887165972284145,-10.423275249264483,0.06212986281292732,0.43527404008732,-13.039780387867676,-2.4378845982976256,0.4358827083907727
15.5,-5.814628198809607,-2.621669726822352,0.03141690310360534,-8.204753692724669,-1.5333414976552777,-0.3518928638541949,-6.376967425751975,-1.6109126456397778,-0.12494631306218774,-8.853854926098883,0.28714427825643685,-0.8597352135480086,-10.218109193015158,0.41243060966851497,-0.6903906417320501,-13.02673729926318,-3.617966359649179,0.7090761645750212
16.0,-5.407074122596292,-1.3684812659540948,-0.7271893539513228,-7.6049870753861715,-1.6200477819068124,0.9048035452878149,-6.678236931420541,-1.1809020270718502,-0.6565862013232726,-8.347720190556235,0.5182787853467989,-0.7300410583157974,-8.544914631180095,0.3710134255585158,-0.6252606846244064,-14.098152078447436,-2.787086594049363,0.37967815735891375
16.5,-4.704743255263475,-0.7549696547499104,-0.3253317210664483,-7.242153530892394,-0.6137806963275649,0.7796635630438744,-7.489742877289074,-0.5969330900057452,-0.545908424432706,-7.9904891035720444,-0.0630580165213599,-0.19634126415374975,-7.486100106613302,0.06518841901314776,-0.5458507387454372,-13.862732741078368,-2.1023618558252046,0.0007880442398718324
17.0,-6.136099247444202,-0.3135083511691257,-0.6240562532564418,-6.260506760002955,0.21517943026763564,-0.10571249739793886,-8.435959623929074,-0.43481368268983367,-0.46021476394983174,-8.144690987872002,0.3390169655796621,-0.04357958853623606,-7.857466372001947,0.35722625463349317,-0.2839501256254796,-13.48510756447789,-1.5673488469916568,-1.283439266440644
17.5,-6.11517322969938,0.3036507894642241,0.2920833050424799,-6.781996828186011,0.8191803330276353,0.21764163433352526,-9.222602789333271,-0.18607586719160618,2.045031722134754,-6.342711989256012,0.37551029082737375,0.8876683669166512,-8.360461141504915,-0.06796008031137607,-0.24401231348307356,-12.232185449606101,-2.8234206841398173,0.6362944580126282
18.0,-5.78174220946047,2.141854319939719,0.8431900562624793,-7.236446309279237,2.2146276188677265,1.118482156788103,-8.953874300781223,1.4328270411527335,1.1242345429758944,-6.026154408392854,0.5473677984343616,0.7779011572592318,-8.180043955433145,-0.8313700839944829,0.0153489068971131,-9.565235507196059,-3.2930965495378337,1.1051901364230419
18.5,-6.405564275916643,1.459905608948795,-0.5045770021137881,-6.76912197699243,2.293623277668865,0.2565659868038297,-9.274555016882863,0.9170550293966023,0.7964263707171568,-4.816698094977067,0.9659382214755812,0.15796393348195392,-9.513454884436896,0.1518545259220242,-0.30453841237872914,-9.652819515579337,-2.4382676570972945,1.344384224155533
19.0,-6.290722381134691,3.5049820632097584,0.006574151612441681,-6.450813803507474,1.4178416697429834,0.21574682968144576,-8.111416953265145,-0.20923074056537172,1.1991673513579602,-4.853473276607597,0.4293538586966706,0.39659726164429,-10.013943428116205,-0.4993956411107492,0.3812909078306762,-9.807486367381491,-1.9859040996649806,0.9930090531956383
19.5,-5.425222036950889,1.9878153757024828,-1.4531006567011306,-5.916997320729017,0.969428510293949,0.27265057593637165,-7.93488219399994,0.9839324606257335,1.4153903645607455,-5.102952244596294,0.08572305147799386,1.1942797288548788,-9.996007858461534,-0.7818611421854513,0.423761119684396,-9.874759024446192,-0.4353211788097088,-0.20246693031088842
20.0,-3.430423144409238,2.402017929890533,-1.8859742239482997,-5.972988609837616,2.098428436145582,0.0667328421177118,-8.366883051142413,0.28247290460538144,0.3697545768316402,-5.26721485598296,-1.5237296546525454,1.4827592651345674,-9.401499048645917,-0.8786285963309902,0.5066008182344365,-10.433503165479882,-0.6909205572366882,-0.48642283734394504
20.5,-4.47204871527256,3.9864395181489827,-0.8761921055549309,-6.829361052391744,0.35454873125782504,0.314391322596122,-8.142707025581124,-0.19611535893199764,-0.07860021219512087,-6.795725531206212,-0.7007160451635535,1.5661267511138075,-7.875787525258563,-0.015952709156058953,0.18536806431131092,-10.524131905838082,-0.04669387281885051,0.04336647454420292
21.0,-3.966464651807523,2.8601859612378577,-2.147697191539388,-8.960416202864588,-0.5436386318800568,0.6309678810670175,-7.20029009438986,-1.1525776738760394,0.8003210849093997,-6.541996692873127,0.26540766417284245,1.5180811869968296,-8.478653056362834,0.23417205038592415,0.443801668724137,-10.077946997758257,-0.13659118940748616,0.5126772372427966
21.5,-2.8459750871360283,2.0472600378738504,-0.5437095927644009,-9.435196436331994,0.38350985033622265,0.2776105692269891,-6.743246583763606,-0.3902747031351639,0.394398690745246,-6.774813155943471,0.12497404479042716,1.6965398412196766,-7.880913942492285,-0.4550003537612952,-0.11517851024450809,-10.241117580975146,-0.3232626791625765,1.49448300107412
22.0,-2.2616334468729082,3.3667473439751863,0.0931367173902139,-8.993952238872751,0.36238859164842213,-0.7735574306088747,-7.26274412761915,-0.3240781568779896,0.3890254988351729,-7.011871974060405,-0.3277200201146363,0.9435874055885406,-9.216940888433648,-0.2710375514660933,-0.06773663327984736,-10.63807435278082,-0.5093328913706571,2.244696109301464
22.5,-3.9589625709904195,2.9780177066227456,-0.20556495643918993,-11.099291976520114,1.5015419489968722,0.010656418666884604,-7.379978666242177,-1.021877309835362,0.4852307858589552,-7.513270474160432,-0.5313906897161874,0.502259732897341,-8.900954864807094,-1.0318100794212828,0.030859152689102803,-10.70609342751244,0.023251281525402234,1.681470412641454
23.0,-4.657348471847133,1.8342983714851935,0.24871229270131567,-10.68431671286099,-0.39944999326883374,0.2716354820345761,-7.2968129273228195,0.6766976876585238,-0.5922796210613133,-8.022795317528931,-0.0003633959774598239,0.05622516798284566,-9.069615514446022,-0.07648448009678133,-0.24861982175401875,-11.03395813075877,-1.1697089187034235,1.4365955614423287
23.5,-6.356764784268435,1.3523232664276819,-0.6480454737686625,-8.54483262616017,-0.731981450374991,1.2448801265471092,-7.903183017587799,1.5730154747413592,0.49639812683931767,-7.923644530503001,-0.13745928856051104,0.2625706415072911,-8.929790011490812,-1.0189027293894566,-0.5782296745710132,-11.4965018670141,-1.123325377626717,1.6766753266594852
24.0,-7.6089173919709,1.332027579483507,-0.6751927193287147,-8.816344180129821,0.2385503051429825,1.8351775082883663,-8.788242798209767,-0.4328569250756958,0.35117334854319643,-8.335901045606697,0.7187641247839287,0.3925579850984232,-8.362624615606624,-0.5829069369362068,-0.17851130980076035,-11.043818171410178,-0.38641377726513293,0.8835169389267945
24.5,-7.703426438422968,2.3668911493741502,-0.45620151885421256,-8.342257656569293,-0.8583490119099603,2.048437585959544,-9.619746658233469,-0.14696189298511397,0.009365831095228871,-8.883061211134612,0.5094750256762604,0.18605118872982163,-8.566538572683402,-0.8115314017567158,-0.4418802771430317,-11.681173133159641,-0.9382144332538962,-0.15822222823742493
25.0,-6.563727927388559,3.5946250350564655,-0.9539182217845983,-9.395181847925198,-1.2434163706603107,1.2066865786878314,-11.175106197577822,2.021775080727589,-0.5438081126498175,-8.81934308962176,0.6963364545357147,-0.21500437561655505,-9.085976327382152,-1.2804352407243307,-1.669228853277647,-11.32873569051418,-1.1430689148596083,-0.24806898682777848
25.5,-7.646777590382263,1.9626478393539881,0.3043653355903517,-9.688230534538855,-2.0529982479373063,1.4161597948700628,-11.078970584465068,1.7194323946011663,1.14403759071938,-8.985207288965267,-0.35511765639685744,0.666444287760404,-7.8758249998101935,-3.0493293382029667,-2.0398784283089935,-9.646747756652118,-0.1442415311253631,0.10933320152902914
26.0,-6.475633551110583,-0.6790730808534098,-0.5995934074919015,-8.525760517178766,-1.8986635671853564,0.984923742913159,-11.415052456935355,0.11424565323570413,1.5742544832093492,-9.135032213044008,-0.7115662211753966,1.5304566050438688,-7.492828533607994,-2.8966345571482814,-1.2618933001459385,-8.829101636168494,-0.22338719934841714,-0.9365053325696746
26.5,-6.330552674707047,0.6851502866230624,0.34530945069610963,-9.138555813157692,-1.8402873660634584,1.4950336130671043,-10.358888876136504,-0.8037883773956345,1.8518585551658897,-9.366784034186367,-1.611092282982713,1.1834699712751613,-8.93139893144124,-2.414395994705669,-0.9630971729325054,-9.831009195811344,-0.4626275256082813,-0.3885109767210232
27.0,-6.01822771285741,1.450568619069471,-1.284377734768607,-9.876152035517489,-0.7494534014720866,-0.25288442923366783,-8.547635518974946,-0.8811850361970954,2.0012044482967353,-9.585995390392343,-1.6507339416205156,1.640917612057563,-9.707173980376304,-1.1098587243277618,-0.4462072242779176,-9.593394531313379,-0.7434543444432131,-0.13188276651037978
27.5,-5.3425088089292245,0.29178644810514165,0.24419694452230745,-9.040186892771363,0.9296613763304907,-0.11503780914078304,-8.777392601831227,0.1786935285402762,1.3666865910543302,-10.192426554006879,-1.2607975008135264,1.0874863849753553,-10.20719759597855,-1.5352064517747008,-0.4666423946323506,-9.072474064517895,-1.4118114060366682,0.3279030658845006
28.0,-5.9936384751597,0.3680056633338341,-0.1488573518975172,-8.161862069844867,0.9472908252116814,0.5512805249946953,-9.108154847105576,-0.07588123512245004,1.3404364403222098,-10.41013166304529,0.10916713328777662,1.7277625933822889,-10.334147296766492,-2.47446692167306,-0.8567813829081397,-8.487661078714988,-1.2376394463149882,0.6252124194457069
28.5,-6.952680870885374,0.5274780910338361,-0.18238348448812713,-7.282962835581352,1.0122744933022827,-0.3573298819561097,-9.339775639611084,-1.1532487184257292,0.7101689173994179,-11.333895100729082,2.2464289358747145,0.9041849446790866,-12.246869612636786,-1.1211548744919142,-0.743015678173421,-8.537898585362626,-0.9641244214169332,-0.27336883803269274
29.0,-6.057541199349847,0.2640223875696227,-1.774391661270423,-7.79390213470886,0.5359759857714264,-0.479263644763617,-9.205029707492537,-0.9849842384011669,-0.3421079140975525,-10.739496851734389,1.1544615189209575,0.3717994593360958,-12.116945493782787,-0.19851009461272756,-0.7955667821127335,-9.560500544443821,-0.8128732629012483,-0.3858827436519129
29.5,-6.918768900731019,1.275535741864425,-1.077099729524883,-6.70317569010604,1.8613209739478647,0.37190143487057553,-8.49663595168422,-1.839930274648433,-1.5345385724396132,-10.741809056710391,0.9536425267088725,0.34890111762229337,-11.390986115403855,-0.3043806669547646,-0.4904613733081454,-10.50303890845691,-0.46089074357444826,-0.4213818838555718
30.0,-7.665301469739308,0.6210824733551361,-0.6544097961204016,-6.518493220012909,0.5703702973067073,0.04686173722915521,-9.236702264986638,-1.7177029627609979,-0.017589453029548285,-9.937566943377885,0.6269991569606324,0.4579712514137268,-12.540185747799068,-0.14495032172503303,-1.1193094985917655,-11.881226037454363,-0.9910303004140956,0.19385568919939064
30.5,-7.40354490022688,-0.337347690771155,-1.0962842672026458,-7.847720119965887,-0.2418274788898619,0.12033013762063877,-8.724699587911228,-2.8147261722283403,0.9367063978973869,-11.163528674963846,-0.06536121911052173,-0.7874976056288994,-11.73699947469602,-1.3208958324449327,0.358708388885491,-11.761068512782536,0.0033559090293245886,-0.3321314098197532
31.0,-8.06259185231541,-0.533500764012401,-0.6728162955363457,-8.356296973672652,-1.0889613789156982,0.3778450241506971,-7.92083907684704,-2.290414239550137,1.4329654640443754,-10.973862224432136,-0.6139337733801213,0.25856528884830277,-11.573054107459471,-2.7160489598894295,-0.1213558879453594,-11.255266485986327,-0.26356720397580813,-1.1492844962694542
31.5,-5.383103626247285,-0.35630539819999885,-0.033647755916862615,-7.478129454846538,-2.040316568230203,-0.3689155970574347,-8.960847460241688,-1.8790977403061067,0.5184119498061228,-10.115692334758082,-0.7520263444195643,-0.7224258676486799,-10.52561717840959,-2.0141109097007903,-0.755697343508213,-11.712993014415874,-1.5123516879308045,-1.9791586713393636
32.0,-3.264302086489458,0.40766516875028147,-0.019528455678164747,-6.917031129633388,-1.5766565283426668,-0.08859457160631834,-8.801467384849213,-1.718585189431495,0.6765567948671853,-10.794445673680826,-0.18221498518604928,0.9193584329811098,-9.643591690573196,-0.5440091985885993,-0.8649711739278335,-12.07190305450572,-0.3484529553353759,-0.581484462742287
32.5,-5.3098308645686405,0.9145647001656826,-0.005197386058926917,-7.365037286943673,0.4503598889769235,0.6038851502525089,-9.902347360506027,-2.006512827598558,1.181890039305562,-11.453988314529731,0.22698096197124487,1.6412658039979857,-10.875081445318493,-0.8494426879617711,-0.4316975333171477,-11.72216835720231,-0.5284353714088104,-1.1352541403255767
33.0,-6.68156467301021,-0.3786952624089582,0.747512318410186,-6.8529980005657665,-0.6501780428749624,0.3422499034635066,-10.371951085701978,-1.608029433981619,0.5633886927324816,-12.623171752313192,-0.09703008783997114,1.3697739441468686,-10.389480004443062,0.5376772086399401,-1.1968697676532016,-13.79216784269487,-1.635398686595594,-0.8791322069063828
33.5,-6.382969479411152,-0.20397465088636313,1.1027811094913567,-5.51759413399545,-1.6031281634189285,-0.43686792491806753,-10.977383482821214,-0.7652343792400942,-0.43942266754783244,-11.803296880575179,0.26993953680719385,0.19036248426374214,-10.198408123683611,0.27226202363384344,-1.8546862808485245,-13.835011662799127,-1.556279926506408,-0.026488093375782455
34.0,-5.347947183000701,-0.0034341598045954935,0.016240532811099384,-4.385666043142685,-0.5145391912725562,0.09916633989316256,-9.989974590692537,-0.003862982065128529,0.11554515482588813,-11.938538326281796,-1.0174998334724792,0.30500346042460175,-10.692237034087547,0.7577707047801302,-0.9442482685214302,-12.877419927397943,-0.2321535681136312,0.10180964689856359
34.5,-4.438031996065121,0.6725515917739935,1.3085524478357269,-4.5741975188324036,-0.7382417103820899,0.48526513568544466,-8.43672468908442,-0.9274521521496893,-0.7268737406342592,-11.842713797791603,-1.6338476718797297,1.0983242277767507,-10.180619904069099,0.5999779087468589,-0.9444283851142656,-13.510459521911798,-0.8283150674942128,0.5461687398152659
35.0,-4.589057170873643,0.6856417128328772,2.8511351375824976,-4.27030772805525,0.6230707352290477,-0.14053798036618148,-9.444901121250691,-0.4004514278179029,-0.6808520881833671,-12.399458013911435,-1.195405020127862,0.5619832233268593,-12.03795395193878,0.44736957801022725,-0.5846629500314138,-12.71062321375786,-1.7328474794218631,0.8672316193318975
35.5,-3.3252672397965064,1.3648687195492206,1.6328427601420554,-5.626610025854555,-0.7139911132809547,-0.19591778904206864,-10.116321598515825,-1.5695767153845308,0.2950741730919382,-11.607154645031674,-1.6205184430806294,-0.2834393664981808,-12.348461560982543,0.29089087661980906,0.3630472008601152,-12.645387189829489,-1.4395652760693518,1.0578123259909622
36.0,-4.64254700873618,-0.4076417133923543,1.6816298726189294,-5.825061200521697,0.8201745354265875,0.4328986438735859,-9.655906941075063,-1.900670364078453,0.10465521370604834,-11.813534137797902,-1.739984263594984,0.6592338621421192,-10.250167090391505,0.45799339897494085,0.005247962643036785,-12.735377153223954,-1.2679584360620382,0.8298818991173472
36.5,-5.48201313944263,0.5464281683638088,1.1900474297479187,-6.780857887279364,0.9868769731844692,-1.2173506360949737,-8.835006400534557,-1.5010506894238145,0.4264511099146837,-12.673027303629677,-1.4857877965656592,0.40979427331978274,-9.786130700462047,1.2474828604407122,-0.2139443285590508,-13.628089921871641,-0.6392622957754257,0.615402316745101
37.0,-6.400945245729829,-1.6460599104240359,0.0716293952588895,-6.996946655009796,0.9555815978912965,-0.3219618804007308,-9.75045173977358,-0.7528971189715654,1.4643110324650863,-12.457908813177724,-1.4026982456996546,0.9679151139001282,-11.067785069368798,0.015177256317581767,0.6005441773782855,-12.979518483673711,-1.0279503498100104,0.663007050188176
37.5,-6.879929638102063,-1.2746968325199695,0.18988039916677613,-6.878408002776895,-0.05532111579413346,-1.7448744470467945,-8.947680086835854,-1.0177907425809465,0.5126513531241442,-11.129174432739049,-1.6966344733418748,0.9664723978257825,-10.641155055821411,0.003564240142837849,-0.42303080550677624,-11.61876556209659,-1.5213565045237432,0.11080737052192147
38.0,-6.359605585643139,-0.7265568994395825,0.3177836136324585,-6.839738220821772,-0.5429964164295893,-2.0719959972026807,-9.385645719376479,-0.27559695351938696,0.7315931779419603,-10.336021853698265,-0.6403299955373633,-0.07379485530951757,-11.597672074127063,0.8031198441340379,-0.9978082855371659,-11.528393262312969,-0.5657904691458762,0.8212206160020349
38.5,-4.773739838548315,0.3583904849252051,-0.6838329243684189,-6.462512530514207,0.09673293364328361,-1.6738344492487436,-8.74213224060359,1.1005205551852775,0.8309564672068828,-9.132591755480396,0.04948839996770113,0.6948881843901865,-12.336166613272017,-0.45099212778288095,-0.15786824981792769,-11.746090412284163,-0.52335682160548,0.6496831398936506
39.0,-4.398425316058937,-0.787489446518512,-1.0050441265601142,-6.725830103462818,-1.14836967378848,-1.8220090489178804,-7.876541458733483,0.09527745911361074,-0.11092422335533504,-9.168432992746993,0.5900657654908947,1.3960457603504821,-11.633925294484161,0.02554743540485646,1.1794699280501868,-12.043347603036846,-1.5449608094395535,-0.6334867402458761
39.5,-3.929432090000278,-0.3668939739060505,-1.3151486481188108,-6.828560909033582,-0.4989228927010895,0.45077807089511474,-8.359749093107338,0.12365365323757228,0.3996186400658899,-9.835557316909483,0.25779769968921484,1.2742023991849727,-10.445010272740571,1.2991310716586502,1.0210214402375675,-11.571828513189445,-1.4724331843520093,0.15945169908015655
40.0,-5.041936865147617,0.3071383871900974,0.5356353917773888,-6.777734302960361,-1.0459711894580668,-0.32047903357869567,-9.385577242712644,1.3649634474285635,0.5253856894065092,-10.628341899123665,0.11781579630784789,-0.08883830585542013,-9.849950153796492,0.9397134318051695,0.8132293240565405,-12.633144249077084,-0.9125987593369824,-0.46477972588603716
40.5,-5.302456323779151,0.0824205896316055,0.5243181990992724,-7.236514266320906,-1.3273752707071895,-0.5485580949498634,-8.736195520730655,0.4799691694073261,1.144077316258982,-11.767671067079114,-0.2525023303870858,0.36905766014999636,-10.868565628546857,1.9102095195399313,0.8123438578278426,-11.831728597918305,-1.6563941381850578,-0.29037051530148417
41.0,-5.770835988151468,0.49308088423821156,1.002886767870674,-5.6742241706023595,-0.7162043916261474,-0.7606099828492824,-8.908478308572912,0.19542346814343903,0.28482252484464265,-12.07937187622822,0.9392427788830803,-0.4862904103095615,-10.761858847411204,2.303574324187837,0.8714711977054467,-11.808795306694472,-1.5818491758193307,-0.708410849962559
41.5,-6.912476806065068,-0.17741963499725022,2.0368779565888007,-5.862908334115022,-0.6170642070575263,-0.3517794716461192,-9.241850042962893,-0.15896030042897857,0.19201117610703294,-10.922866612699366,1.1999426923484497,-0.6798400309752595,-10.477560226406084,1.5552152490734088,1.3694223444053875,-11.32443971340254,-1.3199881236545956,-0.1924078309957731
42.0,-7.003439967300402,1.2878174410993477,0.3646526581843309,-6.611226117161512,-0.17843296619819338,-0.7172495726458344,-8.533596789302338,-0.07187042612136074,0.8362668827563822,-9.420411431912862,1.1488394665646815,-0.5251580465588466,-9.755463929164051,0.5797776840739596,0.19746925124878642,-10.675940757224982,-0.8786328679989457,-0.652740879622419
42.5,-7.154332228369472,0.90489120769333,0.6578852280444585,-6.224443976978313,-0.10258101748260517,0.6924174335150941,-8.74576453855646,0.46299314613545306,0.8052384395461024,-11.125434214344653,0.04801382332163784,0.7925649117662809,-11.472344302071416,-0.40702451730975314,0.3843634784461972,-9.981626228790873,-0.3459488798937408,-0.8374691543414173
43.0,-8.078321204542112,-0.160553893537085,0.8751083305429859,-6.633562670767336,0.05745904672879032,-0.706841164702663,-9.564778042462,-0.17633229242011061,1.1998593342517796,-9.955559612956044,0.3671141680756361,2.133578256171124,-10.215131771707995,-1.301312631441248,1.0528222070190778,-9.597557760582468,0.3062959545185173,-0.8174644970027343
43.5,-7.6322202070971095,-1.4452022648073455,0.020286652534899252,-6.818311219870768,2.0018725195459983,-0.13883421850779543,-9.962580911840313,0.011877542217512138,0.6915108545818118,-9.993405865129471,0.45691823678032284,1.3013528215072316,-10.898619088156405,-1.7689957695869218,0.29906447700669414,-8.733450155791857,0.5013725451537423,0.05607867646508302
44.0,-6.797350678072553,-1.706953724257352,-0.5237448400896716,-6.755965175156277,1.985821916823884,-0.4619413158950347,-9.537055126214103,-0.41533165130986993,0.689611856458722,-10.47879823501814,1.0175865968942317,0.34782908943026747,-11.818042048335956,-1.1628083609294821,0.7548600175819796,-10.229681962825893,-0.5126976428793728,0.5638702939662079
44.5,-6.666558088681301,-1.3216170267682752,-0.1562848038616853,-6.903322226552975,1.308391280251528,-0.512169749744988,-9.029474069331027,-0.7534376917120365,0.2501281262093942,-9.756869062511985,1.300560982705383,0.05972277306726592,-11.943067469290847,-2.379409918912203,0.747047007323426,-10.357730060863773,-1.766614734630553,0.8110046219596783
45.0,-7.9821690758778026,-0.6739901367533078,-0.3877192661004106,-5.381834581390341,0.4644385580317821,0.16142530712871395,-9.82913685329617,0.3505192628729521,0.3801337216145848,-9.786788644053665,1.884385774737329,0.05890022020644303,-12.345600232310256,-2.5214522151050405,0.6188176899341133,-11.906902401732022,-3.385250347901226,0.9950083096583227
45.5,-9.009254614985029,-1.3500168567361122,-0.019290430006324633,-5.578238954374157,1.339529147363706,-0.46507224100251965,-9.876800082312288,-0.667157697139366,0.1723292069685861,-9.710687471734149,2.1073231620634703,-0.48313032198826555,-12.1956767417383,-1.447565866746845,0.795035851371627,-11.745874222516731,-2.600546399844409,0.7356162685761175
46.0,-8.087174810884097,0.5366421029455095,0.36923522808312453,-6.390722800992052,2.7233832836262257,1.975987186571655,-9.068447912622176,-0.7715928743371732,-0.005469209352204629,-10.834676007723033,1.3317738687981358,0.6620634279727542,-12.947720941928758,-1.4819322117426383,0.352325667250228,-10.802251655605401,-1.5469419386642624,-0.7111260370302319
46.5,-6.4462009524175805,-1.140670172668267,0.3579110582846483,-7.614422565440096,3.1146673833849876,2.587950340538184,-8.318667621141605,-1.260995001102203,-1.010138767390385,-11.385300202860343,1.3290138743629396,0.4519929153934288,-13.248705352747058,-1.803325614310705,0.09699410156011784,-11.462099877554706,-0.8280683326384304,-0.9507008239626071
47.0,-7.188934358843641,-3.435490894917549,0.29324059772033473,-6.402686433273717,2.4068653732791097,0.8943811195815806,-8.45535585051088,-2.2142584430409027,-2.0998817982774134,-8.804462679630332,0.7235985014334549,-0.269581839532146,-12.74863886375708,-0.2568693302617061,-2.5750015546555097e-05,-11.469810566101799,-0.8386441315285832,-0.114091994610107
47.5,-8.77908411640763,-3.5604733907066652,0.941891445047287,-6.064774778052503,1.6420829186483927,0.8624934802668783,-8.10482074693975,-0.527680531825377,-1.704764268431173,-10.531118762300999,0.25534487977715636,0.31059692367507175,-14.115120623903849,-0.2625560609921288,-0.19353211499119138,-11.145809723415569,-0.26919643428699064,0.7912355651908756
48.0,-8.357839247482495,-2.9395729351436115,0.5674313469445696,-6.185338281020497,0.4777709946988739,1.3785458315984604,-8.657163473625538,0.37487036984424527,-0.6156979061469715,-10.548814024429879,1.454915231188422,-0.09553603285241741,-13.508720313456942,0.19320113244725523,0.5692467772967009,-10.187393658808361,-1.0302341454337924,0.38786213340094516
48.5,-7.506352724360694,-2.315230235908693,-1.2791442184434532,-7.219678360794116,-0.3585340029485382,1.8287105225212017,-7.677758761541497,-0.07382950653678244,0.19665873677487444,-10.364147769013815,1.4058824172946154,0.6518584976751671,-13.315096324743251,-0.6060453344231678,0.1834075025054246,-9.68773047426365,-1.2544650976431035,-0.5460196202193575
49.0,-6.588869498582015,-0.42708052212382447,0.42583304796339233,-7.716461721423023,-0.4260939735825228,0.8870928323638384,-6.780394676308168,0.2691013653219462,0.18686307070232377,-9.220851348120618,1.0794878497350142,0.6336713594362791,-11.724809451209234,0.9083753795374332,0.12566968220075692,-9.63151916088049,0.7568617018106114,0.38516792334061567
49.5,-7.197280919525169,-0.6595963260773512,0.46257569016525346,-7.606528807578718,2.152633518719921,1.2157250921647353,-6.839186914626829,1.1039147216630476,0.13222632676438073,-8.628079235558227,1.7596607670732942,-0.005558366532198752,-12.22322435285185,0.633598674328258,-0.6668057905625505,-10.829814100695138,0.8686150066317384,0.6435846479274183
50.0,-6.771540509978618,-1.8551506779329758,-0.2291780639276691,-7.110491495801337,2.6474613868293435,-0.4102803178978476,-7.229362454513306,1.5606482682487957,-0.6454240433219078,-7.7285581638897085,3.384668394619554,-0.7377427679460693,-13.01936386155089,0.45354848340401194,-0.219042528565069,-10.290625632214805,0.9358131210416931,0.6184635015885878
50.5,-7.074082178492404,-0.12292255493048354,-0.42817105513793186,-6.851348011574583,1.9869741290647909,0.5310274904581495,-6.688703046141371,2.1351025517815128,-0.8201618939321061,-8.44315500926452,2.792803903971711,0.016451392171205642,-12.706066270843674,1.2206683493864117,-0.3595027729184943,-11.341306491066748,1.3648626707505396,0.5536660979929059
51.0,-8.948964273117841,-1.52545899992724,-0.8319809021475949,-6.35221078335341,1.885122669393756,0.17427302532646882,-6.489156242359732,1.2919012431434664,-0.35672230657069465,-10.071505507738692,3.27290697342394,0.04274762866251075,-12.535263557949758,1.142949763945628,-0.2711016783345344,-10.957813195389598,2.4846655417860495,0.6698509393684513
51.5,-8.47722824185889,-0.9090111396900857,-1.093952655825285,-6.580911782975948,2.93606349176662,-1.023889912547566,-6.461805956859557,1.3407643579302106,-0.7422455618915023,-9.543719902863488,2.1486956847704994,1.1502891336282328,-12.467266573897223,-0.13956331413890366,-0.23893613928722873,-10.814903454102094,2.978122068380832,-0.04124103965335066
52.0,-5.695514382603209,-1.657173617258418,-1.2109091723318515,-6.169040166688944,2.388135971606869,0.11650527293674762,-7.112617310108957,-0.6758378920128154,-0.9542851989745955,-9.322306919518644,1.426460153769633,1.7727528837598587,-12.294013333369785,-1.9171065824953328,-0.2530514249390745,-9.394823799101395,2.349122583178551,-0.1259693409977716
52.5,-7.046882866029883,-0.5346666873853287,-0.858340948773279,-6.7634840075240845,2.27745155046907,0.20051263825290971,-8.594541125305385,-0.2699606759835861,-0.8362081253300107,-9.837691301393322,1.4188956037875247,0.6356250781058934,-12.419377158127388,-3.104549207145562,-0.9818598016730848,-9.435176445155623,1.3348056282210379,0.14556457050503224
53.0,-7.176081127365216,-1.240405670688002,-1.695336913875652,-8.910730837735423,3.5564262336272274,-0.543235185346858,-8.384109150834561,-0.2002685048195302,-1.0467745773920356,-9.650068150054768,1.5396932598246305,0.549145005385354,-12.467585057976368,-2.3556308006514866,-1.5489231415747668,-9.572804807779907,1.4556891482075467,0.3383741881785034
53.5,-7.333330727264307,-0.8941038716471924,-0.035407255336659005,-8.870192861913464,4.619272855284956,-0.3077518524324539,-8.353555288040676,0.40071193179733366,-0.06957610399091652,-9.522787689171658,0.17539876811909028,-0.5010244856125521,-12.02172948264142,-1.5961988753312057,-0.9913095869452748,-9.165794661457547,2.1343286860879065,0.43595821892651426
54.0,-6.586491003630919,0.6757565132297293,0.5679625782355266,-7.664103454704611,2.8787594665812066,-0.9203324034267841,-7.8637852510789,0.14454840762498164,-0.1426124667523193,-9.715136448088229,1.4895704467333712,-1.7988821008475844,-11.980899357527171,-0.8689930159654016,-0.3869668219623066,-8.690499663748835,2.5588557724593377,0.33368244572079203
54.5,-7.149168321447145,0.1355433585470222,0.5668122945006939,-8.360220539084544,3.2236498425752784,-0.774482221662989,-6.725844138347463,-1.1303819243088125,0.1681324164656186,-10.156285772804862,0.6397507323079907,-1.086037596098384,-12.721117344705595,-1.6443096279492684,-0.759680931759323,-8.459630003065966,2.9339771491510067,0.10217558873317073
55.0,-6.027598996530907,0.1879491379384896,0.006584425031810198,-7.295757049945184,3.1677029954505156,0.16293243321749487,-7.360128536821067,-2.3453177001040473,-0.43769958787431235,-10.41705772045336,-1.7477820550632521,-0.4176643810847955,-12.300085382451286,-2.2270136821214614,-0.21766484199619035,-8.785694805220496,1.1756546845876388,1.7247222041761374
55.5,-6.280200428675038,-0.0392694893280231,-2.2245637693474016,-7.78530026871713,1.1988831919956133,0.1762596287920838,-7.481096573806457,-1.433948202656057,-0.2136275675317895,-9.529371130730564,-1.5642402436552842,-0.28120046450923797,-13.3805041509146,-3.1998356708795597,0.45720616071661635,-9.762936576654155,1.3702925868975113,2.3450698248830832
56.0,-8.336953917654723,0.1226845385461127,-1.2010719101448117,-8.12957429900609,1.1292608950547638,0.08670309581311947,-8.24424386080095,-0.5399817691765646,1.0964905589485894,-9.728333580191945,-1.1413150392503357,-0.897635742134306,-13.498012108256837,-2.4155177263261924,-0.9353451414186118,-9.165287919888577,0.06578707914779292,2.0375398324501397
56.5,-7.807860094397689,0.3774329681929822,0.1403775857592136,-7.765403127807711,2.148301628449023,-0.12867406618213373,-7.834295991592533,-0.9381099799321833,0.4586946506703809,-10.527475449530721,-0.34939748148948907,-1.1723758493544842,-13.803491336998883,-2.706228523093358,-0.9027785674595735,-9.634016810350275,0.7759353075583798,2.4016267761500374
57.0,-9.08129364475216,0.20740131780507118,1.2055329916641013,-7.41593921783258,1.1659417590695624,-0.04691355708987843,-8.708666506518664,-1.09193168641009,0.5643511195274675,-10.866138089899177,-0.5082814990941243,-0.5780621722998864,-13.745957040026354,-1.883944201884011,-1.0046773478808229,-11.145472063640755,0.48501891923712687,1.222426586381935
57.5,-9.349532900893156,0.9308484615876306,-0.17266880533851764,-6.819424010468472,2.474244587392768,0.5495102920498353,-7.975738312756635,-1.7082989719654824,0.5124178108321132,-11.251794289725801,-1.4919025638042531,-0.9737447146967466,-13.907631400348382,-1.3793811790001842,-1.1467523922424883,-10.04538011852996,1.4503886629977103,1.2293131022473267
58.0,-10.038481201533969,1.0048097184305318,0.7107969908045602,-6.6191676405351,1.9933803509440975,2.015864432840649,-8.022808503863361,-1.3147904164915607,1.5987154331723226,-10.426245795914575,-1.3509207629495432,-0.8461362985390037,-13.83773865582305,-2.6664572624990934,-0.802291184462473,-10.468423294793093,2.315585718276555,1.2326356203493471
58.5,-11.442118000574924,0.43626620557061035,-0.63515926261609,-7.941709536821446,1.858611061090007,2.0423501341093546,-7.839211193445046,-1.9681021382812802,0.8067250476308074,-9.777161375040471,-1.4424936346138288,-0.028949235306710234,-15.59472226431063,-2.053128031878873,-1.4596863338630919,-10.973556130659238,1.716421361706006,0.9974822191581504
59.0,-7.876629572699616,0.14787079330728004,0.40526912275984006,-8.466556704869156,2.4452234965673365,1.0940167133552563,-7.782901398343405,-1.6498631487627444,0.3551919222301193,-10.842914248361659,-1.518151653666793,0.524272413520386,-15.574185898734562,-2.157559685006266,-0.40687194376245195,-10.037832044568034,1.4475930214084638,-0.008081693338176543
59.5,-7.483573176696442,0.6584965077063956,-0.10030343340872805,-7.35876034369646,0.2938071202187311,0.9317469254759976,-8.005507263434573,-2.27203295686261,0.07997933539236185,-10.898122640626372,-1.6624172625576144,0.3614262665642366,-14.500509677609163,-2.027977992925858,-0.13235909127075618,-10.297176603770232,0.25773446331174504,0.25068089246852815
60.0,-5.525872729315263,0.7394870645404119,0.4138544607819872,-7.650833511351273,0.5810806110932427,0.8445326672645788,-8.2915632576308,-1.7347952041497698,-0.26180838350583485,-9.404718524646489,0.2163704355514711,0.43113045937423117,-12.990947461894478,-1.5923721555822778,-0.1555349245284136,-11.09749621580224,-0.15111230504355083,1.044643108191512
60.5,-6.034434696072977,0.23926482953545206,1.0847666769179458,-6.166048500549046,0.18393042144791416,0.4878900508629403,-6.455213100748389,-1.3754036739360027,-0.44328359659448263,-9.97525684466164,0.975053046638559,0.3522768657986913,-13.15767414456053,-2.3345199903384546,-0.4009446070699227,-11.122213927232849,0.32763918131725933,1.4673080103105807
61.0,-6.771997879606732,-0.014658643741715107,0.10250785816312692,-5.636268120656895,0.6872663330119857,-0.487765587009955,-5.973564301184874,-1.8451124943812336,0.1666413919079139,-9.706085140012977,1.2578481138210673,-0.1794297182238677,-12.750451078188805,-1.8107516441789127,0.4950828054890609,-11.97629260277968,-0.7832698001496761,-0.25588306529693156
61.5,-6.410208403786661,-1.2581606429951053,2.032289299098198,-6.95528003335861,1.3152123236072668,-0.7269484676147725,-6.593856514920684,-1.8372070818093,0.03173398613708582,-8.524743236526865,2.361419710995557,-0.8584266130112964,-12.22670782272322,-0.8132226986072199,-0.7612934671132652,-11.678323746100181,-1.583080127378096,-0.03818401771783966
62.0,-9.060418566137828,-1.3003138466062545,1.636646025158249,-7.929235969430255,1.5424081900546343,-0.32441973576989447,-7.145006832498793,-1.4458138456872969,-1.1106781806906227,-7.5487803908191475,1.0246100043267374,-0.818297640714739,-11.26820105227464,-0.5099960178880908,-1.390347778385065,-11.735320458959192,-1.082525377241535,-0.28950189244008834
62.5,-7.730333154333889,-0.09492707445754645,0.7439756515361127,-7.851291699136487,1.0954987443520232,-0.7660270147935406,-8.255488846183125,-1.1534990289093603,-1.3800621403741262,-8.029235915555606,0.43689265661433296,-0.051863501399659236,-10.617437547576989,-0.1044885854233102,-1.7895021335177717,-11.514603640286882,-1.3957594774446496,-0.32929930536489743
63.0,-7.287919312273969,-0.014366940608714853,0.8972740740320808,-8.679905935115537,1.3416859204587548,0.18076735570094737,-8.024345613891686,-2.035355834787459,-1.1059042773344054,-8.784182376359018,2.0323189401041866,-0.3688546966056604,-9.646585790556504,0.033460385471626775,-1.8057887157414452,-12.557868909816563,-2.4245852160692705,-0.42725844299578775
63.5,-6.499868965734571,-1.4173124380430413,-0.22254187540582285,-10.510661558108954,0.3657873477070095,1.8156336954229584,-8.55361414931994,-1.8141105364922951,-1.2729491108955,-10.125446955885362,2.292648659288092,0.7222678488286358,-8.059125461234373,1.0060967782780634,-1.9152007624606775,-12.798307564288441,-1.8508069088219343,0.138357535979301
64.0,-7.713519413272813,0.1687094515841462,0.16474272069643445,-10.65261767224905,0.5508944404543787,0.6761631942706121,-10.796462420084396,-2.565102845762903,-0.44657914415271616,-9.632600837764361,2.274089501247266,-0.13637800586895876,-8.418027141769986,1.4146340836498899,-0.6171172365636707,-11.446146263634862,-2.302696896367472,0.2271200275663197
64.5,-8.539555998350085,0.2403318376377339,1.5097595272671087,-10.383540535545443,0.07568450651935454,-0.27766325408093473,-9.854488730373482,-1.971826376757321,-0.49232790926946124,-8.610507542685692,1.7836633908636292,-0.14973996495576708,-9.056298072801283,0.6758366346036376,-1.1015730383944238,-11.32707795011442,-2.0929117564692183,-0.3085535666341346
65.0,-9.905963197706535,0.6686248764080202,-0.32495006671817944,-11.17151689437188,0.6552749708364325,-1.263652725832716,-9.361078277635368,-1.9394496284733533,-1.1355207636665847,-9.513403321258423,2.1178082224437396,-1.6787729127946307,-10.502493769324662,-0.3242332656792546,-0.8781979203034161,-10.756770183460745,-1.6199132028772945,1.1397815591497438
65.5,-8.964490346650155,0.204856795900761,-0.6937689582355406,-10.748444737895618,0.04065029594071756,-0.712345078524445,-10.471181369935842,-2.4399858260266516,-0.9517625162283547,-9.473666382222806,3.454950402506861,-0.702309503211305,-10.972337016385678,1.0300244384773376,-0.6908558636338035,-11.138197190902165,-1.4759212796431114,1.26348253044255
66.0,-10.443160187333737,-0.011497408290920108,0.21124877749107027,-10.956402022618413,-0.5187995658413165,-0.29666072875550686,-10.991436879868333,-1.7914052748315386,-1.2800949725216517,-10.030293948932094,2.718386605307815,-0.2811633157636566,-9.72093843603494,0.7836858046425681,-0.28834864555851264,-11.61911221551993,-0.5933125892230982,1.1232041007209572
66.5,-11.163557516806192,-0.9112761965389347,1.012020494255497,-11.639177901448312,0.04213847499538681,-0.36337179408479736,-11.263981470672915,-3.0643730514242673,-0.7768039757868598,-11.570050973932895,2.2943579461092667,-1.6281626208896411,-10.250977484698033,0.7874416586512433,0.6917772340252113,-12.390799041972329,-0.8709545276038708,1.8259421381849499
67.0,-11.260776536412092,-3.550661066305399,0.5895623035891961,-11.727806327634799,0.9942004812526464,-0.44787008593577876,-9.580936037416443,-2.756242882488179,-1.2730158821089672,-11.901388881493068,1.1639077716090636,-0.05870994134245408,-11.146399196132803,1.3280494541277026,0.8546190447082794,-13.561093839374278,-0.5391104803300208,1.8192455263787681
67.5,-10.97222026906703,-3.9793141413691067,0.8649021991699085,-12.386643644486707,-0.926756555327161,-1.680897960132148,-8.894195935692057,-2.5301545818227504,-1.5573300811946018,-10.968908339860953,1.3171036067474198,0.01808923850268196,-10.229610122170651,0.4777476619113077,-0.1819910574980873,-11.654133810497386,-0.42637270937251565,0.40360365131123493
68.0,-9.249709201448471,-2.18660398610952,-0.17226125791464217,-10.999214486471471,-0.8766057335982673,-1.7595992539647343,-8.683369814587548,-1.6153823747465874,-0.6396327534302669,-11.11879101636326,2.6650519291883352,-0.6882842070432068,-9.850103810882821,-0.45843632411282687,0.6582135642924571,-10.80298756530223,-1.1508258527590047,0.36528591486521617
68.5,-9.229563375396717,-1.9162528190218187,0.2464040251351055,-11.433449175227054,-1.522853752678824,-1.3421189080260383,-9.696323902505746,-0.5198602105076104,-0.34275392125085213,-11.832971089284158,2.0715821135379557,-0.3787515433394048,-10.409274709356827,0.04013328461555454,1.4513868921669548,-11.703272941731683,-1.2405258926403593,1.5969008279182346
69.0,-9.113823881585105,0.0752094064513068,0.7063157921028669,-12.170518644374997,-1.8867726820768107,0.3043222477379304,-10.291427301213476,0.7023382012595943,-0.315463509220814,-11.728137812912577,1.2900992852947133,-0.1818076612786375,-9.911189237623795,0.6218780527310219,1.368211302211944,-12.41378496986938,-0.6977791834016889,1.2454815679683366
69.5,-9.439127714665352,0.15047951553945532,-0.8536206210557725,-11.23219604298586,-1.118435997992041,1.4592516256178971,-9.92054918765446,0.30073504621985614,-0.4042279517551892,-11.511433821009835,1.9144921961185735,0.09262281439376295,-10.080632514031441,1.6600293267594508,1.2066559595504027,-12.43858067307935,-1.4291354934599676,1.2852114182664656
70.0,-7.460047137106502,-1.1452174141324307,-0.29097239629542204,-11.608555920356029,-0.6550270324512371,-0.5959184927458183,-9.09270112473707,0.3735283155198824,-0.9066805882646316,-13.226124024811114,1.8931680773172068,0.06927066764627482,-10.50966298688733,-0.02101397301801894,-0.311542157206544,-11.190927479835144,-1.0620175550564674,0.5590873941798875
70.5,-8.28009410335062,-2.249234477829928,2.047725221256512,-11.506054453769831,-1.159353834794753,-1.1366684777736062,-8.693836878216757,-0.21845497772259503,-0.725532250763934,-12.129727936951488,2.303528535776115,-0.26553421602246485,-10.481942639840465,0.713562254537865,0.39855537149351017,-10.639502828067494,-0.032520296558080086,0.8500263419842554
71.0,-8.12818407785142,-1.8417105608332651,0.22103011505358508,-12.800937708738374,-1.1813209563723643,-0.48390069976292094,-8.377474143171813,-1.2831568285792256,-1.1573702285891296,-11.370180359879514,3.015301790457986,-0.5440823697230381,-10.762316278210214,1.8134072050050267,0.44364998740046596,-11.143664380368845,0.9113391885221278,-0.057875559813746764
71.5,-7.059083940219526,-1.6691042614190137,-0.7060248051802873,-11.611840943912865,-1.6602362148831915,-1.967091396141938,-7.603880302253772,-0.01711857437348363,-1.239052207055095,-10.754373914484395,2.746780497409096,-0.6848160562820635,-12.024250300385013,1.8495748157515943,0.319114193738897,-11.769916165950818,0.6367380444558246,-0.054053876811417906
72.0,-7.4609575921034335,-1.8688774702123352,-0.6215538492392438,-11.112794424719995,-2.25861464815486,-1.7444389975152292,-8.610885919905357,0.5576158192435174,-1.0348725302388186,-9.895653375224644,2.3257721014610766,-0.2848957842606479,-13.275637541832902,1.1513450690508065,-0.42657771654304244,-11.24057281788668,1.326227288778674,-0.19891095698237649
72.5,-8.585244959690245,-1.1736478423957548,-0.2884397348298199,-9.41308993913215,-2.6823301009980676,-1.053780968122987,-8.471493032895282,0.2703715757780013,-1.6405932034507167,-10.275040676482739,1.716422346229444,0.336456820742298,-13.056647918158632,1.8073344719551225,-0.39564035579518697,-11.006679425107949,0.8929910086584723,-0.7718472941491837
73.0,-7.70868351079026,-1.9673038844642485,-0.6888364443032252,-9.892929777679429,-1.3314428154079119,0.532302029791194,-7.195600311591294,0.5739892223058038,-0.2877478844823615,-10.355311165506997,0.697490749604307,0.5583787900004954,-12.645931592890673,3.015179656728939,-0.06945673564256227,-10.704242748021729,1.2782239659818613,-1.5870960166453834
73.5,-8.321563461353579,-0.15514864264639094,-1.2780896073131403,-9.29014409941073,-1.0187533392515564,-0.97731590744054,-7.204457965931411,-0.0845890974917004,-0.5783293735606089,-9.778218945557198,0.5405845459939979,0.837818305437742,-11.050967102224707,2.3520569438556578,0.23675131377994785,-11.534022676032748,0.08297375230929926,-0.7158907194205146
74.0,-9.164272219957594,0.8602865076868688,-1.2651345948571522,-8.928810106075549,-1.8408811982784772,-0.059972815811623614,-8.527598821940636,-0.18055306744219787,-1.4631169100177805,-11.573634893817822,1.0316308202118871,-0.44579230337880227,-10.575089725036419,2.925546859779486,0.6590567307241555,-12.316006427816866,1.0495286624209785,0.2847652090407367
74.5,-7.244568291780683,-0.312924197868774,-1.2087865007335528,-9.380727644122532,-0.7784150786945188,0.23742491226447804,-8.836119915436951,0.5591421008010072,-1.3466335514056607,-11.41822191750537,0.47266794131778633,-0.8770565732839799,-10.762288695475496,2.6926060731318513,1.5904344598069613,-13.061483565634374,0.8422110634731613,0.12255985179451857
75.0,-8.0104288105429,-0.1059523945563628,-0.03736144439223818,-7.407406441102436,-1.6316533789198937,-0.08236361087020214,-10.057751923546306,0.44809189315615894,-1.4941687494707585,-11.21461730107933,-0.47905132919418664,-0.28585430269389567,-10.892262393936917,2.595830263787533,1.126676155523789,-13.001542855841523,0.09080336303287295,0.30847262734245806
75.5,-7.138106113800736,-1.0739914374592359,0.8390514193800779,-6.608905579165091,-0.9238302782479375,-0.8555723167223191,-9.922615379826386,-1.0278186507808285,-0.6444951620154679,-11.669628509953231,0.4815199194392639,-0.6759984324028095,-10.800940756887675,2.784443306281784,1.1817903744898581,-13.883396673836906,0.7028040739527481,-0.18613910189161342
76.0,-7.0617092000889965,0.2338787424238041,0.9280668513644827,-6.632321241786171,-0.26176582858352254,-0.6393991133104324,-9.48508508874963,0.27248091243677675,-0.48812973227328194,-12.119602410068863,0.2053660303885818,-1.7817475335821769,-9.900717772188056,2.523413951962606,0.18570024490059306,-14.386549580018062,0.5826705673371886,-0.7445413624209894
76.5,-7.403301306957033,-1.1735078915555393,-0.7768697774653146,-8.90188100306896,0.6342393720748466,0.2873267459405491,-8.344560273697367,1.3320580406601428,-0.8255996396288836,-11.839468118915438,-0.20003348657702275,-1.2975882813574935,-10.19290897953964,2.2592154912388795,-0.6010031289381019,-14.459595987567692,0.7606135982506007,-0.16337180003169527
77.0,-7.180058465648733,-0.2763952467030749,-0.9162125786472121,-9.07226695709899,-0.012933000662304184,0.6902085537362581,-9.007621103286624,1.9550851893858083,-1.09240999008284,-12.30096681015303,-0.9618455876098634,-1.0229430657187857,-10.630072607418095,1.7271382228854062,-0.5823302245123902,-12.467231626105772,0.3719781638941331,-1.8364264827785144
77.5,-6.129679181297044,0.4235342077514707,0.2505988685264144,-8.71814847877941,-0.5851318856976394,0.58776152741328,-10.02601888244489,1.7818075064594392,-0.8947187301765013,-12.789420732134149,0.6062620683539947,-1.6937627642144042,-11.226542969804015,1.5560916942158822,0.6016415531699411,-11.812011883839478,0.11097747088644949,-1.190859012733543
78.0,-6.803691290424367,-0.8581028284569744,-0.0727037496571637,-9.853345302828789,-0.20131264533432935,0.3192287078667436,-9.164958230039884,0.8006152240042262,-0.8221543371373652,-12.576807988509492,0.5605369492761803,-1.7523054583915139,-11.126332419773544,1.692279751813804,1.9040324537884894,-13.027974618422318,-0.41524158360252406,-0.21582901408441346
78.5,-6.178892059415244,-1.482019181309359,0.2935302818996483,-9.158209068812496,-0.9283088032927352,0.28413863631507896,-9.38545804107294,0.4643102349128987,-1.0039894670362772,-12.140728407244323,0.5506647689072913,-1.5367325030471963,-10.128755907408719,1.3686115247919686,0.839563363235635,-12.161019205489733,0.3098048305457376,-0.9892459323869516
79.0,-7.248349858852881,1.6405882823200164,0.9865891795593094,-9.459251376293306,-1.560371694191814,0.3172699460597099,-8.884994051774454,0.5080057046605043,-1.0584729839271505,-13.453366390887453,2.215248462490436,-1.0135673615662537,-11.867013111365361,1.704565035906463,0.331768833366471,-11.369009289165085,0.94345194503967,-0.41250281913406595
79.5,-7.420673006249156,2.224355971841546,2.2000325552529603,-9.866803592001776,-0.6557032065844088,-0.9735513299371772,-9.573274438027006,0.5220483454888434,-0.6984881629042965,-13.594995162037165,3.3360228912741254,-1.670143231929595,-12.242898942492092,2.7769027781016593,1.441630885691502,-11.743408249966441,1.0445531950667561,-0.2233452627875119
80.0,-8.46990594598579,1.0058044633828263,1.1648041350286489,-8.708911801576159,0.2757220452136451,-0.5711677259969694,-9.21020733599184,-0.1660496434126476,0.4569718035453193,-13.673408317558069,2.1725736336510746,-0.8494634084042739,-12.1529387612272,2.6888724904314376,1.3169368830954284,-11.164736949748153,1.1033188037471784,-0.09145231554463085
80.5,-8.520755100002457,0.26133245482066103,0.20660325671744656,-7.647507081921762,-0.11732455062408388,-2.0693646220428197,-10.42431438788697,1.7273369576572475,0.9681985304301897,-13.381413167492678,1.8563522530069894,-0.3969178353312953,-11.269266874334292,1.930016212543405,1.8270243602810106,-11.141651902656339,0.08998018906654548,0.07220959588706785
81.0,-8.826170163048904,2.0300264104253616,1.192013890375549,-7.654570882168812,-0.35264350237324665,-1.1871473808946855,-9.550601027610938,2.1932328170639566,-0.3132732379894587,-12.69104186305821,0.23381413631398273,0.6007124640082928,-10.091637298260324,2.040030496556202,1.4882597353871416,-11.626623626940757,1.3407929733087625,-1.0591502566653719
81.5,-7.443200017858443,2.0024477003550603,0.24177591932875117,-8.43480266319331,-1.0676636009343003,-0.7465092431337986,-8.78477792831167,3.8687693914455874,1.1533335136534384,-11.584685770315259,0.9185163487620109,0.5750208245149571,-9.854467529165145,2.636623124702992,1.0580353814808525,-11.847859287776087,0.5702551758778102,-1.169782527436021
82.0,-9.281553465371323,1.5077757381453243,0.40397246434470435,-9.103713290976797,0.12948770993938213,-0.024004079724179728,-8.640647200786992,4.272942144556648,1.8310079476454268,-10.500162091947704,-0.09219017636997984,0.2228123881207377,-9.992520581018109,1.6351288357974323,-0.003347751377739572,-12.25804484536046,0.16101936881058998,-0.6906862410428483
82.5,-10.788333220283391,1.1233498724805449,-0.6624272702825218,-9.17273906280961,1.376855015820337,0.9698585543973447,-9.087332375730464,3.6586082317139503,1.7636808794335606,-10.560814177832105,-1.3048173817879656,0.6074932554974868,-9.568554892158655,1.8611502086670517,0.08124839029727962,-11.188306838997564,-0.9996376615636345,-0.47057684259986
83.0,-9.444846715448953,0.6475262723372202,-1.3285824871342529,-8.832495613148382,1.2522275263586071,1.2671337901759507,-9.130580156297833,3.399122834874433,1.1705637961808772,-10.71730956728373,-2.425860375221947,-0.047002141801230024,-10.548463131013074,0.7033572221281771,1.298251158024822,-11.545299464025199,-0.8630910076213136,-0.8579407195072788
83.5,-9.152441731257575,0.9903301647531645,0.8699017135079901,-8.94212975207253,-0.24428814646168195,0.8818662198924139,-8.874043764241016,2.689194300061741,0.19845060375644924,-10.218358532340522,-3.005844527619823,-0.3631440229252432,-11.99063916341439,0.5791026821829234,-0.33026371852906394,-11.940340972228471,0.032950629215156124,-0.3073106378767345
84.0,-8.974575572768993,-0.29579190715211157,1.9292043435634816,-8.392537127008993,-0.7692325265692093,0.6264510411311639,-8.222148018536908,2.522452756218221,0.6427360619381575,-10.651926642273633,-0.9991921013525848,-0.9482584575584364,-11.844725996870103,0.4166271613478224,-0.6559188063161179,-11.582218038481564,0.40140925928795945,-0.47022216012914886
84.5,-9.494160550691992,1.1672510811119705,1.0103417425186045,-9.061555616041575,-0.5656948074310489,-0.07060989438405096,-8.395552097543785,2.1597328734255883,0.7941141687990992,-10.910587848644353,-1.1967881554891764,-0.31678071653181106,-11.099773705138578,0.6727319351075921,-1.2119046407572662,-11.188942086473336,1.5195679503271187,0.17893885590929337
85.0,-8.583986780760474,1.6674647643281997,0.022222718989585166,-10.042444274946295,0.05726144835325098,-0.05837927244997132,-9.307892299364061,1.51355215077443,0.6730477447473233,-11.14226613371466,-1.1623373196284572,-0.8347102895297202,-10.646975650123068,0.5091585687825768,-1.094256582955696,-10.384579767441895,3.1262666361204055,-0.9958456896248568
85.5,-6.688081077761816,-0.17176803072429792,-0.10856605985887448,-9.8550950851071,-0.5161658943706232,-0.5687881915554742,-9.062751114712702,2.3251350071991936,1.5695718113381834,-11.564584702244662,-1.714915908419113,-1.3205780172115476,-10.088759315743024,0.48074234716264463,0.25016166528131545,-10.710521245856688,3.3843500044826067,-1.2823337935466241
86.0,-6.4686618767566415,1.789891939468324,0.2942363250885186,-9.983579531680306,-0.5636172689992824,-0.9142238721867113,-8.897283308166056,2.2447914761997483,0.17489344033033183,-12.270460527103825,-1.9609292242409557,0.10715074647704836,-10.078755616510273,0.4529596895004296,1.7999879405711572,-10.233220167002717,4.264603815530345,-1.3331926978632012
86.5,-5.417915712244471,1.6857927426193087,-0.43886783999179496,-7.237830640350306,-0.5040985169147342,-0.5101268491913171,-9.598743817314029,3.0637768082304184,-0.9235309213092402,-11.21140270881194,-2.2936103383110518,0.40753228737090824,-11.808590053499383,1.1178115947528675,1.5202712667879321,-10.128252815053818,3.2476987976506173,-1.8662407353975217
87.0,-5.092454929741491,1.7912252300670326,1.04736009420535,-6.643787237928944,0.20198517010059486,0.32083715087462483,-8.460502935911986,1.6021565566955907,0.5068357026561487,-11.019403523587158,-1.5183013543822248,0.695718830274753,-11.01480473750148,2.529821309685539,1.5308254267426447,-10.110362983463018,2.7471390263078375,-1.7408879605801124
87.5,-4.743522636967892,0.14876000020322336,-0.09834828411400143,-6.079713984164145,0.9134025267160392,-0.20968142642451876,-8.493329268211896,2.2139837312315613,0.34267616282922986,-10.451572924933604,-1.8877133544197071,0.6891519741940205,-11.196836047986194,-0.29925478455774346,2.0514383847462025,-10.993373397002818,1.5101578843169927,-1.042057637633592
88.0,-5.505314634640468,0.426868802637269,0.7855863313149789,-6.691509593156307,-0.011344572556196586,-1.8439084479469392,-8.427631132709728,2.867327087916797,0.529910636322939,-11.553185121367509,-2.0325319420283208,1.2992607544817736,-11.172712914588915,-0.6192492773347287,0.4630612867607025,-12.316000690075375,2.4906409624859087,-1.6821644066839658
88.5,-6.9731489418099315,0.3590473267282822,-2.475069902839073,-7.441220415994135,-0.17096007077295294,-1.0511745218393747,-9.429789562841028,1.7185492153528652,0.5384376355160949,-11.777854235812145,-2.614091590811645,1.133083815524164,-11.839286018191496,-1.5298957092230578,0.9500399837223336,-11.504151661831015,1.3671872187661727,-1.9479842021919724
89.0,-7.248660504940283,-1.1119017359647754,-2.1829675653213982,-7.297457373347996,-1.1582834207595947,-1.0835441888864377,-10.28816778502365,1.4358793231525475,0.7962417340692076,-10.19507490425524,-3.082097162139357,0.9894324690381989,-12.02687511550422,-0.741980109146499,0.41437972460920136,-11.971183325249427,0.8391523828271475,-2.1683786210584497
89.5,-5.227703913849837,-2.784183121130424,-0.6145252821008034,-6.692497393355496,-0.1293606340800051,-0.589281034551598,-11.828050397638508,1.192486351617156,0.7892082198506623,-9.76563397510121,-2.4876977061312826,0.06992101163058481,-11.639397908952063,-0.19401641808291994,1.4963122497398866,-11.757791553435679,2.744628055662832,-1.0493854441577242
90.0,-4.833790162237718,-2.958566431069306,-0.0662872149049864,-8.385552589614878,-0.30428760152965095,-0.8861443341087349,-12.234336678230235,1.2624188386910071,1.501205261965639,-9.30733190653231,-2.556932942468112,-0.3721691250818147,-11.258139050080873,-0.2163398707450137,1.7975257048799522,-12.230159747852676,1.4420256731058105,-0.22034351110927558
90.5,-5.6220651978299045,-2.1110184948786825,0.10338359946084569,-7.872432399262074,-0.7303500329280715,-0.6071011533475446,-10.85040916745882,0.17150653659580573,1.1829302441433784,-10.380472046782037,-2.583715224074197,0.9060540186290031,-10.786182810835347,0.6752382047952055,0.22200388238652538,-11.35093559332735,0.5992812333888079,-0.6759785131677747
91.0,-5.603796341664303,-1.3139114579232078,0.9327103161800614,-7.264009156608466,-1.9108005495107074,-0.24212673270223922,-11.190753956738064,-0.511760920034201,2.0939260109481186,-11.06353771356632,-2.332520110054431,1.0820962557384768,-11.156182320795569,1.8412968743901075,0.4641103440744302,-10.674582220236777,2.482222309996306,-0.35774238111926954
91.5,-6.5449215967948104,1.2489752581344151,0.38311316184802524,-8.976617732849592,-1.7450226841374255,0.0014120951847022833,-11.270392387248855,-1.0186208039698352,1.4487769363603238,-11.442636234249713,-2.9007245989385337,1.089904521760533,-11.079975039271867,1.848676833986968,1.0567700735704975,-11.368632103922696,2.3546219464737086,-0.6255787406660825
92.0,-6.767613420046954,0.17595141479746101,-0.8140227291111605,-9.490664305522353,-1.3701144976780655,0.3893068039888828,-9.601742529677992,-0.7866574269722102,0.3396235186656737,-11.240321184024616,-2.3469670950836443,1.9367684369934406,-10.791970583082158,2.1160718638080493,-0.8055932113252515,-11.328707764361686,2.3334482050126795,0.2747719440140011
92.5,-7.090252386465717,0.44010360319120967,-0.48816333429915826,-9.030620768766543,-1.4509467349476122,-1.11268136320672,-9.731756984649472,-0.24611247639537084,0.861413231436228,-11.989822962712058,-1.5423657438969027,1.189663646344512,-10.974492621741927,1.5188968986133016,-0.7711881114039443,-12.226995322589445,1.3086934979884062,-0.12905452653763372
93.0,-7.115865487472181,1.2913262195932704,0.9245325481288797,-10.538062830577829,-1.2476397075032775,-1.9430558077657896,-10.199966744998319,-0.03602301856265777,0.947587231147796,-12.154020524038005,-1.7464765299777048,0.9939481557451171,-10.409276357495278,0.8463570751036921,-0.45707842483762895,-12.735937699067444,0.8103894737963666,0.22698868127972427
93.5,-7.845658748662347,0.4094467079671673,1.5986668728984261,-10.660964676710204,-1.2796855056190242,-0.18709461455220916,-9.971714722143261,-0.7207085535017035,0.15662857565595992,-12.741266195020486,-1.6889432184286686,1.3695272842355193,-11.150708559720591,1.628031575215104,0.649699085956556,-11.865901860022245,1.656573056277218,-0.7018959219973486
94.0,-8.967264545912075,1.1246813093070311,0.7836170561569097,-9.810863876132236,-1.1870109921223881,-0.19228660886955154,-10.786831759076884,-0.5266405174834605,-0.947810072430566,-13.009695084253227,-0.979958894618777,1.092020619670299,-10.75898015482701,1.0688820709336189,0.19412584793436938,-12.126969359568733,1.3064114492125207,-0.06507851107266777
94.5,-9.121596387301324,-0.29653686603524876,1.8072369267191297,-9.271118295529245,-0.6003865710904123,0.5102770388282831,-11.38904383777801,-0.1459308570437569,-1.2759513134967597,-12.664709246785632,-0.5557532071723583,0.7400863498250054,-10.541556401902918,0.855032280990405,-1.0970798689004257,-12.212447020325152,1.8906909858861467,0.9123539349421614
95.0,-9.30862535222932,-0.4144552038023711,1.8213628075040997,-9.182545854848708,-0.7316940879675551,0.7471469743274759,-10.42024384928921,0.10682209425936062,-2.4815354060376915,-13.650723470688149,-0.8973560272793559,1.0194588028463107,-10.57002134896861,1.3560915282697175,-0.25110460651149774,-11.511463120264358,1.3362104361119052,-0.3747479495785029
95.5,-9.674751555156957,-0.6355905510808921,1.646567320305619,-8.69546906469286,-0.08239038420790706,-0.02700839125807293,-10.823246578572288,1.6678870604584524,-2.697869239451695,-13.424559707806331,-2.1031707557181454,0.7685820614426895,-10.037644711989788,1.707187205690737,-0.6319484080183283,-11.384338931540913,1.4274697278284236,-1.0179292207352122
96.0,-8.544304490309973,-1.3456977514337054,0.7410055841905038,-10.07447440207934,0.7165368017662543,-0.40241332268455343,-10.402175467113498,1.9165035908951258,-0.9891666491958707,-12.668977815944196,-1.18159165244221,0.4952274496872031,-9.721995103265726,1.4376927671260935,-0.08393037950796528,-11.074441767826121,1.5604789212085075,-1.1412259932771485
96.5,-8.370946868901022,-1.6815977677164775,0.25971789142731466,-9.98047802653789,-0.538007765008206,-0.4786085727702579,-9.638214353012968,1.3893150848431415,-1.0488495259086963,-11.851285268987777,-1.4458949900828355,-0.5009334467020263,-9.443383816439939,-0.011588139895740146,0.3597281759469645,-10.312327975186205,1.7928125516888775,-0.046979697366066386
97.0,-8.755973941697569,-1.840068715635124,0.17808190666144524,-11.133866963351219,-0.47410268891309,-1.345158048678155,-10.28124575875597,0.40812358740021476,-0.6492438278320727,-11.223318744227864,-2.249108827610511,-0.628276300154416,-9.493188587064159,0.526840170113708,0.7578708692563706,-12.30309411021617,2.7862848335427453,0.9373025611638455
97.5,-9.108470887894963,-1.6024834811748063,-0.4569465886620039,-10.155930445434405,-0.2883840448700644,-1.295230257898444,-9.034832073299334,0.6945180530619062,0.28744073524080593,-11.5916046304998,-1.6792946964052466,-1.632151760993736,-8.575655409155038,0.8467654695637369,0.9098382082869205,-11.500395303961561,1.9759607358252373,0.23984214792682193
98.0,-9.977350671296048,-2.051681599620924,-0.019269632628798494,-10.278435621468923,-0.47307155270209916,-1.118650564719536,-9.139245559561182,0.9820605967593556,-0.7067003233811274,-11.167715922171618,-1.4138763609981035,-1.0040262960243307,-9.182466847401784,0.5894138182014594,0.33371286277059514,-11.091657941273276,1.5282032248751727,0.7607685585557561
98.5,-9.657889976903562,-2.1888991595318332,-0.5245229208057183,-10.527222885184575,-1.199411523690926,-0.7359764494154928,-10.366070825695598,2.9910175977358797,-0.0032307812295640503,-10.48567046407188,-0.5144253666617304,-1.6294056792636527,-8.506540336845092,1.1826856537815396,0.12670328500151473,-10.8248617799901,1.4158371189509147,0.8801218534390497
99.0,-8.715428598152133,-0.5082654760521705,-0.8518933689559579,-10.441949135797719,-1.4114895612947849,-1.245065043602188,-9.876124018107294,2.960140188755383,-1.07243470058786,-10.549044210789662,-1.745781579055673,-1.0727795575952936,-8.860180417443598,-0.0754164625529842,0.5140372151830277,-11.23223089061634,0.6616794870960063,1.5161355184254686
99.5,-9.021485443380676,-0.21417743579325568,0.4891927864530191,-10.7721472025028,-0.5523972693797247,-1.2934759686284008,-9.883854626700709,2.688199567806584,-0.7152032767520129,-9.740278796717254,-1.4986796982826984,-1.8052042840593734,-8.950252147607861,-0.09401566951339047,1.2364533853516617,-9.917710931613911,1.0624246194461353,0.9392601837327443
